{
  "version": 1,
  "author": "Patrick Miranda",
  "editor": "wokwi",
  "parts": [
    { "type": "wokwi-esp32-devkit-v1", "id": "esp", "top": 0, "left": 0, "attrs": {} },
    {
      "type": "wokwi-led",
      "id": "led1",
      "top": 57.1,
      "left": -81.78,
      "attrs": { "color": "red" }
    },
    {
      "type": "wokwi-pushbutton",
      "id": "btn1",
      "top": -111.68,
      "left": -236,
      "attrs": { "color": "green" }
    },
    {
      "type": "wokwi-pushbutton",
      "id": "btn2",
      "top": -63.56,
      "left": -317.25,
      "attrs": { "color": "green" }
    },
    {
      "type": "wokwi-pushbutton",
      "id": "btn3",
      "top": -26.25,
      "left": -132.54,
      "attrs": { "color": "green" }
    },
    {
      "type": "wokwi-buzzer",
      "id": "bz1",
      "top": -170.4,
      "left": -353.4,
      "attrs": { "volume": "0.1" }
    }
  ],
  "connections": [
    [ "esp:TX0", "$serialMonitor:RX", "", [] ],
    [ "esp:RX0", "$serialMonitor:TX", "", [] ],
    [ "led1:A", "esp:D13", "green", [ "v0" ] ],
    [ "led1:C", "esp:GND.2", "black", [ "v0" ] ],
    [ "btn2:2.r", "esp:GND.2", "black", [ "h-19.54", "v117.09" ] ],
    [ "btn1:2.r", "esp:GND.2", "black", [ "h-48.2", "v156.42" ] ],
    [ "btn3:2.r", "esp:GND.2", "black", [ "h0" ] ],
    [ "btn2:1.r", "esp:D12", "green", [ "v0" ] ],
    [ "btn1:1.r", "esp:D25", "green", [ "v0" ] ],
    [ "btn3:1.r", "esp:D26", "green", [ "v0" ] ],
    [ "bz1:2", "esp:D33", "#8f4814", [ "v0" ] ],
    [ "bz1:1", "esp:GND.2", "green", [ "v0" ] ]
  ]
}