{
  "version": 1,
  "author": "Patrick Miranda",
  "editor": "wokwi",
  "parts": [
    { "type": "wokwi-esp32-devkit-v1", "id": "esp", "top": 84.74, "left": 92.93, "attrs": {} },
    {
      "type": "wokwi-led",
      "id": "led1",
      "top": -0.07,
      "left": -129.18,
      "attrs": { "color": "red" }
    },
    {
      "type": "wokwi-led",
      "id": "led2",
      "top": -2.02,
      "left": -102.99,
      "attrs": { "color": "green" }
    },
    {
      "type": "wokwi-led",
      "id": "led3",
      "top": -0.11,
      "left": -154.41,
      "attrs": { "color": "blue" }
    },
    {
      "type": "wokwi-led",
      "id": "led4",
      "top": -3.11,
      "left": -180.2,
      "attrs": { "color": "red" }
    },
    {
      "type": "wokwi-buzzer",
      "id": "bz1",
      "top": 33.56,
      "left": -296.44,
      "attrs": { "volume": "0.1" }
    },
    {
      "type": "wokwi-photoresistor-sensor",
      "id": "ldr1",
      "top": -85.37,
      "left": -233.21,
      "attrs": {}
    },
    {
      "type": "wokwi-pushbutton",
      "id": "btn1",
      "top": 5.01,
      "left": 163.54,
      "attrs": { "color": "green" }
    },
    {
      "type": "wokwi-pushbutton",
      "id": "btn2",
      "top": 3.19,
      "left": 256.9,
      "attrs": { "color": "green" }
    },
    {
      "type": "wokwi-resistor",
      "id": "r1",
      "top": 194.03,
      "left": -14.91,
      "attrs": { "value": "1000" }
    },
    {
      "type": "wokwi-resistor",
      "id": "r2",
      "top": 163.85,
      "left": 1.94,
      "attrs": { "value": "1000" }
    },
    {
      "type": "wokwi-resistor",
      "id": "r3",
      "top": 140.98,
      "left": 6.86,
      "attrs": { "value": "1000" }
    },
    {
      "type": "wokwi-resistor",
      "id": "r4",
      "top": 111.1,
      "left": 13.39,
      "attrs": { "value": "1000" }
    }
  ],
  "connections": [
    [ "esp:TX0", "$serialMonitor:RX", "", [] ],
    [ "esp:RX0", "$serialMonitor:TX", "", [] ],
    [ "led1:C", "esp:GND.2", "black", [ "v0" ] ],
    [ "led2:C", "esp:GND.2", "black", [ "v0" ] ],
    [ "led4:C", "esp:GND.2", "black", [ "v0" ] ],
    [ "led3:C", "esp:GND.2", "black", [ "v0" ] ],
    [ "led2:A", "r4:1", "red", [ "v0" ] ],
    [ "led1:A", "r3:1", "red", [ "v0" ] ],
    [ "led3:A", "r2:1", "red", [ "v0" ] ],
    [ "led4:A", "r1:1", "red", [ "v157.28", "h150.62" ] ],
    [ "r4:2", "esp:D27", "red", [ "v0" ] ],
    [ "r3:2", "esp:D14", "red", [ "v0" ] ],
    [ "r2:2", "esp:D12", "red", [ "v0" ] ],
    [ "r1:2", "esp:D13", "red", [ "v0" ] ],
    [ "ldr1:GND", "esp:GND.2", "black", [ "h13.15", "v293.11" ] ],
    [ "btn2:2.r", "esp:GND.2", "black", [ "h-42.01", "v133.34" ] ],
    [ "btn1:2.r", "esp:GND.2", "black", [ "h-33.71", "v175.43" ] ],
    [ "bz1:1", "esp:GND.2", "black", [ "v199.2", "h283.89" ] ],
    [ "bz1:2", "esp:D33", "red", [ "v0" ] ],
    [ "ldr1:AO", "esp:D32", "green", [ "h0" ] ],
    [ "ldr1:VCC", "esp:3V3", "red", [ "h431.46", "v312.61" ] ],
    [ "btn1:1.r", "esp:D25", "red", [ "v0" ] ],
    [ "btn2:1.r", "esp:D26", "red", [ "v0" ] ]
  ]
}